Workbook

Sheet Dashboard
A1: Project Roadmap Dashboard
A3: Project Info
A4: Project Name
A5: Roadmap Document
A6: Finish Line Target
A7: Current Phase
A8: Last Roadmap Review
A10: Pipeline Status | D10: Effort by LOE (points)
A11: Total sprints | B11: =COUNTA('DATA.sprint-catalog'!B:B)-1 -> 1 | D11: LOE | E11: Pts | F11: Remaining # | G11: Rem Pts | H11: Comp Pts
A12: Completed | B12: =COUNTIF('DATA.sprint-catalog'!H:H,"Completed*") -> 0 | D12: XS | E12: 0.5 | F12: =COUNTIFS('DATA.sprint-catalog'!$F:$F,$D12,'DATA.sprint-catalog'!$P:$P,0) -> 0 | G12: =F12*E12 -> 0 | H12: =COUNTIFS('DATA.sprint-catalog'!$F:$F,$D12,'DATA.sprint-catalog'!$H:$H,"Completed*")*E12 -> 0
A13: Blocked | B13: =COUNTIF('DATA.sprint-catalog'!H:H,"Blocked") -> 0 | D13: XS-S | E13: 0.75 | F13: =COUNTIFS('DATA.sprint-catalog'!$F:$F,$D13,'DATA.sprint-catalog'!$P:$P,0) -> 0 | G13: =F13*E13 -> 0 | H13: =COUNTIFS('DATA.sprint-catalog'!$F:$F,$D13,'DATA.sprint-catalog'!$H:$H,"Completed*")*E13 -> 0
A14: Queued | B14: =COUNTIF('DATA.sprint-catalog'!H:H,"Queued") -> 0 | D14: S | E14: 1 | F14: =COUNTIFS('DATA.sprint-catalog'!$F:$F,$D14,'DATA.sprint-catalog'!$P:$P,0) -> 0 | G14: =F14*E14 -> 0 | H14: =COUNTIFS('DATA.sprint-catalog'!$F:$F,$D14,'DATA.sprint-catalog'!$H:$H,"Completed*")*E14 -> 0
A15: In Flight | B15: =COUNTIF('DATA.sprint-catalog'!H:H,"In Flight") -> 0 | D15: S-M | E15: 2 | F15: =COUNTIFS('DATA.sprint-catalog'!$F:$F,$D15,'DATA.sprint-catalog'!$P:$P,0) -> 0 | G15: =F15*E15 -> 0 | H15: =COUNTIFS('DATA.sprint-catalog'!$F:$F,$D15,'DATA.sprint-catalog'!$H:$H,"Completed*")*E15 -> 0
A16: Dissolved | B16: =COUNTIF('DATA.sprint-catalog'!H:H,"Dissolved") -> 0 | D16: M | E16: 3 | F16: =COUNTIFS('DATA.sprint-catalog'!$F:$F,$D16,'DATA.sprint-catalog'!$P:$P,0) -> 0 | G16: =F16*E16 -> 0 | H16: =COUNTIFS('DATA.sprint-catalog'!$F:$F,$D16,'DATA.sprint-catalog'!$H:$H,"Completed*")*E16 -> 0
A17: Superseded | B17: =COUNTIF('DATA.sprint-catalog'!H:H,"Superseded") -> 0 | D17: M-L | E17: 5 | F17: =COUNTIFS('DATA.sprint-catalog'!$F:$F,$D17,'DATA.sprint-catalog'!$P:$P,0) -> 0 | G17: =F17*E17 -> 0 | H17: =COUNTIFS('DATA.sprint-catalog'!$F:$F,$D17,'DATA.sprint-catalog'!$H:$H,"Completed*")*E17 -> 0
A18: % Complete (by count) | B18: =IFERROR(B12/(B11-B16-B17),0) -> 0 | D18: L | E18: 8 | F18: =COUNTIFS('DATA.sprint-catalog'!$F:$F,$D18,'DATA.sprint-catalog'!$P:$P,0) -> 0 | G18: =F18*E18 -> 0 | H18: =COUNTIFS('DATA.sprint-catalog'!$F:$F,$D18,'DATA.sprint-catalog'!$H:$H,"Completed*")*E18 -> 0
D19: XL | E19: 20 | F19: =COUNTIFS('DATA.sprint-catalog'!$F:$F,$D19,'DATA.sprint-catalog'!$P:$P,0) -> 0 | G19: =F19*E19 -> 0 | H19: =COUNTIFS('DATA.sprint-catalog'!$F:$F,$D19,'DATA.sprint-catalog'!$H:$H,"Completed*")*E19 -> 0
A20: Effort & Progress | D20: Total | F20: =SUM(F12:F19) -> 0 | G20: =SUM(G12:G19) -> 0 | H20: =SUM(H12:H19) -> 0
A21: LOE remaining (pts) | B21: =G20 -> 0
A22: LOE completed (pts) | B22: =H20 -> 0 | D22: Status Distribution
A23: Total LOE (pts, excl. dissolved) | B23: =B21+B22 -> 0 | D23: Completed | E23: =B12 -> 0
A24: % Complete (by LOE) | B24: =IFERROR(B22/B23,0) -> 0 | D24: Blocked | E24: =B13 -> 0
A25: Sprints remaining | B25: =B13+B14+B15 -> 0 | D25: Queued | E25: =B14 -> 0
A26: Avg sprint size (pts) | B26: =IFERROR(B23/(B11-B16-B17),0) -> 0 | D26: Dissolved | E26: =B16 -> 0
D27: Superseded | E27: =B17 -> 0
A28: Next Up — Active Queue (by Priority)
A29: Priority | B29: Sprint Code | C29: Title | D29: Phase | E29: LOE | F29: Status
A30: =ROW()-29 -> 1 | B30: =IFERROR(_xlfn.XLOOKUP($A30,'DATA.sprint-catalog'!$T:$T,'DATA.sprint-catalog'!$B:$B,""),"") | C30: =IFERROR(_xlfn.XLOOKUP($A30,'DATA.sprint-catalog'!$T:$T,'DATA.sprint-catalog'!$E:$E,""),"") | D30: =IFERROR(_xlfn.XLOOKUP($A30,'DATA.sprint-catalog'!$T:$T,'DATA.sprint-catalog'!$C:$C,""),"") | E30: =IFERROR(_xlfn.XLOOKUP($A30,'DATA.sprint-catalog'!$T:$T,'DATA.sprint-catalog'!$F:$F,""),"") | F30: =IFERROR(_xlfn.XLOOKUP($A30,'DATA.sprint-catalog'!$T:$T,'DATA.sprint-catalog'!$H:$H,""),"")
A31: =ROW()-29 -> 2 | B31: =IFERROR(_xlfn.XLOOKUP($A31,'DATA.sprint-catalog'!$T:$T,'DATA.sprint-catalog'!$B:$B,""),"") | C31: =IFERROR(_xlfn.XLOOKUP($A31,'DATA.sprint-catalog'!$T:$T,'DATA.sprint-catalog'!$E:$E,""),"") | D31: =IFERROR(_xlfn.XLOOKUP($A31,'DATA.sprint-catalog'!$T:$T,'DATA.sprint-catalog'!$C:$C,""),"") | E31: =IFERROR(_xlfn.XLOOKUP($A31,'DATA.sprint-catalog'!$T:$T,'DATA.sprint-catalog'!$F:$F,""),"") | F31: =IFERROR(_xlfn.XLOOKUP($A31,'DATA.sprint-catalog'!$T:$T,'DATA.sprint-catalog'!$H:$H,""),"")
A32: =ROW()-29 -> 3 | B32: =IFERROR(_xlfn.XLOOKUP($A32,'DATA.sprint-catalog'!$T:$T,'DATA.sprint-catalog'!$B:$B,""),"") | C32: =IFERROR(_xlfn.XLOOKUP($A32,'DATA.sprint-catalog'!$T:$T,'DATA.sprint-catalog'!$E:$E,""),"") | D32: =IFERROR(_xlfn.XLOOKUP($A32,'DATA.sprint-catalog'!$T:$T,'DATA.sprint-catalog'!$C:$C,""),"") | E32: =IFERROR(_xlfn.XLOOKUP($A32,'DATA.sprint-catalog'!$T:$T,'DATA.sprint-catalog'!$F:$F,""),"") | F32: =IFERROR(_xlfn.XLOOKUP($A32,'DATA.sprint-catalog'!$T:$T,'DATA.sprint-catalog'!$H:$H,""),"")
A33: =ROW()-29 -> 4 | B33: =IFERROR(_xlfn.XLOOKUP($A33,'DATA.sprint-catalog'!$T:$T,'DATA.sprint-catalog'!$B:$B,""),"") | C33: =IFERROR(_xlfn.XLOOKUP($A33,'DATA.sprint-catalog'!$T:$T,'DATA.sprint-catalog'!$E:$E,""),"") | D33: =IFERROR(_xlfn.XLOOKUP($A33,'DATA.sprint-catalog'!$T:$T,'DATA.sprint-catalog'!$C:$C,""),"") | E33: =IFERROR(_xlfn.XLOOKUP($A33,'DATA.sprint-catalog'!$T:$T,'DATA.sprint-catalog'!$F:$F,""),"") | F33: =IFERROR(_xlfn.XLOOKUP($A33,'DATA.sprint-catalog'!$T:$T,'DATA.sprint-catalog'!$H:$H,""),"")
A34: =ROW()-29 -> 5 | B34: =IFERROR(_xlfn.XLOOKUP($A34,'DATA.sprint-catalog'!$T:$T,'DATA.sprint-catalog'!$B:$B,""),"") | C34: =IFERROR(_xlfn.XLOOKUP($A34,'DATA.sprint-catalog'!$T:$T,'DATA.sprint-catalog'!$E:$E,""),"") | D34: =IFERROR(_xlfn.XLOOKUP($A34,'DATA.sprint-catalog'!$T:$T,'DATA.sprint-catalog'!$C:$C,""),"") | E34: =IFERROR(_xlfn.XLOOKUP($A34,'DATA.sprint-catalog'!$T:$T,'DATA.sprint-catalog'!$F:$F,""),"") | F34: =IFERROR(_xlfn.XLOOKUP($A34,'DATA.sprint-catalog'!$T:$T,'DATA.sprint-catalog'!$H:$H,""),"")
A35: =ROW()-29 -> 6 | B35: =IFERROR(_xlfn.XLOOKUP($A35,'DATA.sprint-catalog'!$T:$T,'DATA.sprint-catalog'!$B:$B,""),"") | C35: =IFERROR(_xlfn.XLOOKUP($A35,'DATA.sprint-catalog'!$T:$T,'DATA.sprint-catalog'!$E:$E,""),"") | D35: =IFERROR(_xlfn.XLOOKUP($A35,'DATA.sprint-catalog'!$T:$T,'DATA.sprint-catalog'!$C:$C,""),"") | E35: =IFERROR(_xlfn.XLOOKUP($A35,'DATA.sprint-catalog'!$T:$T,'DATA.sprint-catalog'!$F:$F,""),"") | F35: =IFERROR(_xlfn.XLOOKUP($A35,'DATA.sprint-catalog'!$T:$T,'DATA.sprint-catalog'!$H:$H,""),"")
A36: =ROW()-29 -> 7 | B36: =IFERROR(_xlfn.XLOOKUP($A36,'DATA.sprint-catalog'!$T:$T,'DATA.sprint-catalog'!$B:$B,""),"") | C36: =IFERROR(_xlfn.XLOOKUP($A36,'DATA.sprint-catalog'!$T:$T,'DATA.sprint-catalog'!$E:$E,""),"") | D36: =IFERROR(_xlfn.XLOOKUP($A36,'DATA.sprint-catalog'!$T:$T,'DATA.sprint-catalog'!$C:$C,""),"") | E36: =IFERROR(_xlfn.XLOOKUP($A36,'DATA.sprint-catalog'!$T:$T,'DATA.sprint-catalog'!$F:$F,""),"") | F36: =IFERROR(_xlfn.XLOOKUP($A36,'DATA.sprint-catalog'!$T:$T,'DATA.sprint-catalog'!$H:$H,""),"")
A37: =ROW()-29 -> 8 | B37: =IFERROR(_xlfn.XLOOKUP($A37,'DATA.sprint-catalog'!$T:$T,'DATA.sprint-catalog'!$B:$B,""),"") | C37: =IFERROR(_xlfn.XLOOKUP($A37,'DATA.sprint-catalog'!$T:$T,'DATA.sprint-catalog'!$E:$E,""),"") | D37: =IFERROR(_xlfn.XLOOKUP($A37,'DATA.sprint-catalog'!$T:$T,'DATA.sprint-catalog'!$C:$C,""),"") | E37: =IFERROR(_xlfn.XLOOKUP($A37,'DATA.sprint-catalog'!$T:$T,'DATA.sprint-catalog'!$F:$F,""),"") | F37: =IFERROR(_xlfn.XLOOKUP($A37,'DATA.sprint-catalog'!$T:$T,'DATA.sprint-catalog'!$H:$H,""),"")
A38: =ROW()-29 -> 9 | B38: =IFERROR(_xlfn.XLOOKUP($A38,'DATA.sprint-catalog'!$T:$T,'DATA.sprint-catalog'!$B:$B,""),"") | C38: =IFERROR(_xlfn.XLOOKUP($A38,'DATA.sprint-catalog'!$T:$T,'DATA.sprint-catalog'!$E:$E,""),"") | D38: =IFERROR(_xlfn.XLOOKUP($A38,'DATA.sprint-catalog'!$T:$T,'DATA.sprint-catalog'!$C:$C,""),"") | E38: =IFERROR(_xlfn.XLOOKUP($A38,'DATA.sprint-catalog'!$T:$T,'DATA.sprint-catalog'!$F:$F,""),"") | F38: =IFERROR(_xlfn.XLOOKUP($A38,'DATA.sprint-catalog'!$T:$T,'DATA.sprint-catalog'!$H:$H,""),"")
A39: =ROW()-29 -> 10 | B39: =IFERROR(_xlfn.XLOOKUP($A39,'DATA.sprint-catalog'!$T:$T,'DATA.sprint-catalog'!$B:$B,""),"") | C39: =IFERROR(_xlfn.XLOOKUP($A39,'DATA.sprint-catalog'!$T:$T,'DATA.sprint-catalog'!$E:$E,""),"") | D39: =IFERROR(_xlfn.XLOOKUP($A39,'DATA.sprint-catalog'!$T:$T,'DATA.sprint-catalog'!$C:$C,""),"") | E39: =IFERROR(_xlfn.XLOOKUP($A39,'DATA.sprint-catalog'!$T:$T,'DATA.sprint-catalog'!$F:$F,""),"") | F39: =IFERROR(_xlfn.XLOOKUP($A39,'DATA.sprint-catalog'!$T:$T,'DATA.sprint-catalog'!$H:$H,""),"")
A40: =ROW()-29 -> 11 | B40: =IFERROR(_xlfn.XLOOKUP($A40,'DATA.sprint-catalog'!$T:$T,'DATA.sprint-catalog'!$B:$B,""),"") | C40: =IFERROR(_xlfn.XLOOKUP($A40,'DATA.sprint-catalog'!$T:$T,'DATA.sprint-catalog'!$E:$E,""),"") | D40: =IFERROR(_xlfn.XLOOKUP($A40,'DATA.sprint-catalog'!$T:$T,'DATA.sprint-catalog'!$C:$C,""),"") | E40: =IFERROR(_xlfn.XLOOKUP($A40,'DATA.sprint-catalog'!$T:$T,'DATA.sprint-catalog'!$F:$F,""),"") | F40: =IFERROR(_xlfn.XLOOKUP($A40,'DATA.sprint-catalog'!$T:$T,'DATA.sprint-catalog'!$H:$H,""),"")
A41: =ROW()-29 -> 12 | B41: =IFERROR(_xlfn.XLOOKUP($A41,'DATA.sprint-catalog'!$T:$T,'DATA.sprint-catalog'!$B:$B,""),"") | C41: =IFERROR(_xlfn.XLOOKUP($A41,'DATA.sprint-catalog'!$T:$T,'DATA.sprint-catalog'!$E:$E,""),"") | D41: =IFERROR(_xlfn.XLOOKUP($A41,'DATA.sprint-catalog'!$T:$T,'DATA.sprint-catalog'!$C:$C,""),"") | E41: =IFERROR(_xlfn.XLOOKUP($A41,'DATA.sprint-catalog'!$T:$T,'DATA.sprint-catalog'!$F:$F,""),"") | F41: =IFERROR(_xlfn.XLOOKUP($A41,'DATA.sprint-catalog'!$T:$T,'DATA.sprint-catalog'!$H:$H,""),"")

Sheet DATA.sprint-catalog
A1: Priority | B1: Seq | C1: Sprint Code | D1: Phase | E1: Stage | F1: Title | G1: LOE | H1: Dependencies | I1: Implementation Status | J1: Written Status | K1: Branch | L1: Date Started | M1: Date Completed | N1: Close-Out File | O1: Description | P1: Notes | Q1: Done? | R1: PhaseRank | S1: SizeRank | T1: SortKey
A2: =IF($C2="","",IF($Q2=1,9999,1+COUNTIFS($Q$2:$Q$2,0,$T$2:$T$2,"<"&$T2))) -> 1 | B2: 1 | C2: Test | D2: Test | E2: Test | F2: Test | G2: Test | H2: Test | I2: Test | J2: Test | K2: Test | L2: Test | M2: Test | N2: Test | O2: Test | P2: Test | Q2: =IF($C2="","",IF(OR(LEFT($I2,9)="Completed",$I2="Dissolved",$I2="Superseded"),1,0)) -> 0 | R2: =IF($C2="","",IFERROR(VLOOKUP($D2,Variables!$C$2:$D$15,2,FALSE),50)) -> 50 | S2: =IF($C2="","",IFERROR(VLOOKUP($G2,Variables!$F$2:$G$9,2,FALSE),8)) -> 8 | T2: =IF($C2="","",(IF(ISNUMBER($B2),$B2,2000+$R2))*10000+$R2*100+$S2+ROW()*0.001) -> 15008.002

Sheet Variables
A1: Status | C1: Phase | D1: PhaseRank | F1: LOE | G1: LOEWeight
A2: Blocked | C2: Phase UR | D2: 1 | F2: XL | G2: 1
A3: Completed | C3: Phase 4 | D3: 2 | F3: L | G3: 2
A4: Pivot | C4: Phase CM | D4: 3 | F4: M-L | G4: 3
A5: Dissolved | C5: Phase 5+ | D5: 4 | F5: M | G5: 4
A6: Queued | C6: Blocked | D6: 5 | F6: S-M | G6: 5
A7: Superseded | C7: Phase 3 | D7: 6 | F7: S | G7: 6
C8: Parallel-eligible | D8: 7 | F8: XS-S | G8: 6.5
C9: Phase 1 close | D9: 8 | F9: XS | G9: 7
C10: Phase 1/2 boundary | D10: 9
C11: Follow-up | D11: 10
C12: Post-FL-A Ground Depth | D12: 11
C13: Engagement-Fidelity Track | D13: 12
C14: Ground Depth (post-FLA) | D14: 13
C15: Audit-15 Corrected Program | D15: 14
